method,dataset,base,seed,one_hot,final_test_acc,prop_delta_neg,prop_delta_zero,prop_delta_pos
SWCW,SafeRLHF,MDPO,0,False,0.551,0.0,0.34,0.66
SWCW,SafeRLHF,MRPO,0,False,0.51,0.02,0.32,0.66
SWCW,SafeRLHF,MDPO,1,False,0.519,0.01,0.31,0.68
SWCW,SafeRLHF,MRPO,1,False,0.541,0.03,0.26,0.71
SWCW,SafeRLHF,MDPO,2,False,0.569,0.02,0.27,0.71
SWCW,SafeRLHF,MRPO,2,False,0.559,0.04,0.23,0.73
SWCW,SafeRLHF,MDPO,3,False,0.565,0.01,0.31,0.68
SWCW,SafeRLHF,MRPO,3,False,0.553,0.01,0.34,0.65
SWCW,SafeRLHF,MDPO,4,False,0.547,0.03,0.31,0.66
SWCW,SafeRLHF,MRPO,4,False,0.547,0.03,0.29,0.68
SWCW,SafeRLHF,MRPO,0,True,0.4990000128746032,0.02,0.27,0.71
SWCW,SafeRLHF,MRPO,1,True,0.5300000309944153,0.03,0.23,0.74
SWCW,SafeRLHF,MRPO,2,True,0.5530000329017639,0.0,0.27,0.73
SWCW,SafeRLHF,MRPO,3,True,0.5390000343322754,0.03,0.23,0.74
SWCW,SafeRLHF,MRPO,4,True,0.5590000152587891,0.03,0.35,0.62
SWCW,UltraFeedback,MRPO,0,True,0.6390000581741333,0.04,0.375,0.585
SWCW,UltraFeedback,MRPO,1,True,0.6910000443458557,0.04,0.485,0.475
SWCW,UltraFeedback,MRPO,2,True,0.6480000019073486,0.07,0.455,0.475
